league,model,n,rps,logloss,brier,accuracy
epl,value,430,0.21012646520371886,1.03446182602033,0.6216798932370482,0.4720930232558139
primera,value,449,0.20259307343531918,0.9851887340970374,0.5853840156238115,0.5233853006681515
bundesliga,value,342,0.21068101228353106,1.0072097806197333,0.6020589513538214,0.49122807017543857
seria,value,430,0.20357476579653264,0.9979205450231835,0.5943325875771769,0.5302325581395348
ligue1,value,350,0.2096507916514911,1.0114345398425129,0.6044046293798369,0.49714285714285716
epl,results,430,0.20719766560534084,1.025989095333283,0.6147602316303619,0.4720930232558139
primera,results,449,0.20008154360350988,0.977283360222332,0.5795647512926094,0.5233853006681515
bundesliga,results,342,0.19760340644047408,0.9744369397419963,0.576683003270193,0.543859649122807
seria,results,430,0.20102074486864838,0.9885462269882136,0.5889238702847461,0.5302325581395348
ligue1,results,350,0.20939423822328943,1.010348622218903,0.6048584075001208,0.5228571428571429
epl,hybrid,430,0.20557711125702657,1.0210475247421387,0.6124723112495493,0.4790697674418605
primera,hybrid,449,0.1996951733006172,0.9763745631709128,0.578696632744591,0.5300668151447662
bundesliga,hybrid,342,0.20052823913893966,0.9823979597121977,0.5827164917043055,0.543859649122807
seria,hybrid,430,0.19930173990985373,0.9844687112342612,0.5856584910138527,0.5372093023255814
ligue1,hybrid,350,0.2084441635238088,1.0071802586789755,0.6020355289809323,0.5028571428571429
