model,xi,pen,n,rps,logloss,brier,accuracy
value,0.001,0.0,1752,0.2093546402887272,1.0102109266260024,0.6047812271506874,0.488013698630137
value,0.002,0.0,1752,0.20924788696812524,1.0099333752199096,0.6045341302754684,0.490296803652968
value,0.004,0.0,1752,0.20914490195356758,1.0098244840950399,0.6043575290138201,0.4920091324200913
results,0.001,0.5,1752,0.20311347783310435,0.9924982757965951,0.592308906080242,0.5199771689497716
results,0.001,2.0,1752,0.20268920409920285,0.9902571256298845,0.5911593244401225,0.5211187214611872
results,0.001,8.0,1752,0.20366652464604368,0.9933989569080729,0.5930552744074977,0.521689497716895
results,0.002,0.5,1752,0.2028981947469371,0.9920810263177241,0.5919185381727032,0.521689497716895
results,0.002,2.0,1752,0.20249135148884015,0.9899178737915283,0.5908235307816271,0.5245433789954338
results,0.002,8.0,1752,0.20379153659313662,0.994035390325479,0.5933215506259558,0.5211187214611872
results,0.004,0.5,1752,0.20305885153056538,0.9932389051427402,0.5924708004230855,0.5182648401826484
results,0.004,2.0,1752,0.20265113200937604,0.9909597741772328,0.5913437466304813,0.519406392694064
results,0.004,8.0,1752,0.20473941047392927,0.9975708544629447,0.5954825486199139,0.521689497716895
hybrid,0.001,2.0,1752,0.20332555897547552,0.9923386224680244,0.5927811713878424,0.5211187214611872
hybrid,0.001,8.0,1752,0.20297638338466942,0.9906109298004261,0.5918037779159073,0.521689497716895
hybrid,0.001,32.0,1752,0.20384079368280097,0.9931948470397443,0.593400475082675,0.5182648401826484
hybrid,0.002,2.0,1752,0.20296920278989217,0.9914577434178965,0.5920669313772807,0.5211187214611872
hybrid,0.002,8.0,1752,0.2024933834389219,0.9893630342609764,0.590827235705402,0.5211187214611872
hybrid,0.002,32.0,1752,0.20376245801680118,0.993155899961744,0.5932391635830895,0.5154109589041096
hybrid,0.004,2.0,1752,0.20268468351962313,0.9911220123469113,0.5916291848836776,0.519406392694064
hybrid,0.004,8.0,1752,0.20203009464451696,0.988356247861205,0.5899137350512179,0.5205479452054794
hybrid,0.004,32.0,1752,0.2040103450049305,0.994316915587275,0.5938261033817058,0.5108447488584474
